customer_id,name,age,gender,country
1,Karl Contreras,52,Female,Poland
2,James Cunningham,69,Female,Kiribati
3,Justin Woods,67,Female,Barbados
4,Mrs. Kristine Hess,41,Male,Portugal
5,Derrick Todd,22,Female,Tanzania
6,Rebecca Barrett,62,Female,United States of America
7,Eric Rodriguez,26,Female,Saint Kitts and Nevis
8,Margaret Silva,40,Male,Italy
9,Don Curtis,22,Female,Samoa
10,Charles Hall,21,Female,Niger
11,David Flores,19,Male,Saint Martin
12,Alyssa Rowe,59,Male,Guadeloupe
13,Noah Montgomery,31,Male,Ghana
14,Jacqueline Allen,39,Male,Northern Mariana Islands
15,Kyle Sanchez,38,Female,Kenya
16,Edward Brown,24,Male,Afghanistan
17,Robert Roth,34,Male,Bhutan
18,Chad Austin,61,Male,Nauru
19,Autumn Holt,51,Female,Comoros
20,Sherry Kline DDS,26,Male,Western Sahara
21,Vanessa Bradley,67,Female,Netherlands
22,Karen Thomas,64,Female,Albania
23,Leslie Gallagher,33,Male,United States Virgin Islands
24,Jessica Bass,31,Female,French Polynesia
25,Rodney Garcia,60,Male,Eritrea
26,Mark Middleton,61,Female,Senegal
27,Isaiah Osborn,54,Female,Syrian Arab Republic
28,John Rose,49,Female,Malta
29,Heidi Lee,31,Female,Libyan Arab Jamahiriya
30,Heather Thomas,53,Female,Gambia
31,Amanda Calderon,18,Female,Morocco
32,Anthony Evans,20,Female,Tajikistan
33,Lauren Miller,35,Female,Belarus
34,Robyn Lewis,64,Male,Thailand
35,Brittany Myers,47,Male,Nigeria
36,Robert Berg,37,Female,Austria
37,Gary Jenkins,26,Female,Czech Republic
38,Isaiah Moran,39,Female,Cape Verde
39,Bonnie Cook,66,Male,Korea
40,Jamie Ayala,25,Male,Slovakia (Slovak Republic)
41,Robert Adams,55,Male,Guam
42,Kimberly Riddle,47,Male,Somalia
43,Anthony Warren,21,Male,Macao
44,Crystal Campbell,68,Female,Sweden
45,Rachel Rhodes,50,Male,Australia
46,Jeremy Fields,48,Female,Niger
47,Dennis Knight,70,Female,New Zealand
48,Stacey Cox,60,Female,United Arab Emirates
49,John Delgado,38,Male,Antarctica (the territory South of 60 deg S)
50,Brooke Mcdowell,39,Female,Thailand
51,Ethan Garcia,49,Male,Heard Island and McDonald Islands
52,Henry Johnson,70,Female,Djibouti
53,Jerome Cameron,21,Male,Nicaragua
54,Mary Woodward,34,Female,Gibraltar
55,Nicole Diaz,22,Male,French Southern Territories
56,Bridget Thompson,22,Female,Lao People's Democratic Republic
57,Michael Stephens,43,Male,Namibia
58,Victoria Meyer,29,Male,Finland
59,Stephanie Martinez,69,Male,Guatemala
60,Douglas Smith,56,Male,Macao
61,Heather James,42,Male,French Guiana
62,Nicholas Jimenez,18,Female,Guam
63,Robert Thornton,63,Male,Guinea
64,Richard Williams,29,Female,Moldova
65,Edward Cervantes,30,Male,Syrian Arab Republic
66,Charles Watson,64,Female,Wallis and Futuna
67,Lindsey Morton,64,Female,France
68,Diana Johnson,30,Female,Mayotte
69,Christian Knight,55,Male,Tuvalu
70,Kathleen White,42,Female,Argentina
71,James Oconnor,44,Female,Malaysia
72,Katelyn Harrison,55,Female,Myanmar
73,Tamara Ortega,67,Female,Congo
74,Jeremy Jackson,65,Female,Greenland
75,Juan Reeves,61,Female,Guam
76,Samantha Brown,19,Female,Bosnia and Herzegovina
77,Teresa Warner,26,Female,Swaziland
78,Joshua Ferguson,53,Male,Uruguay
79,Phillip Skinner Jr.,20,Male,Bosnia and Herzegovina
80,Connie Reese,51,Female,Tunisia
81,David Bell,36,Female,Tuvalu
82,Joshua Lewis,22,Male,Saudi Arabia
83,Elizabeth Maldonado,47,Male,Tokelau
84,Lynn Williams,21,Male,Yemen
85,Linda Phillips,47,Female,Peru
86,Jeremy Roth,39,Female,Philippines
87,James Nichols,26,Female,Botswana
88,Jessica Edwards,43,Male,Liechtenstein
89,John Koch,43,Female,Tonga
90,Dr. Lindsey Williams MD,67,Male,Kazakhstan
91,Janice Mcneil,33,Female,Malaysia
92,Willie Lynch,56,Male,Jordan
93,Brittney Davis,18,Male,Bulgaria
94,Megan Smith,22,Female,Gabon
95,Holly Patton,28,Female,Peru
96,Michael Edwards,24,Female,Andorra
97,Kelly Wood,41,Male,Samoa
98,Sharon Rodriguez,30,Male,Saint Barthelemy
99,Megan Bauer,61,Male,Algeria
100,Juan Johnson,62,Male,France
